﻿--
-- Script was generated by Devart dbForge Studio for MySQL, Version 8.0.40.0
-- Product home page: http://www.devart.com/dbforge/mysql/studio
-- Script date 16/06/2020 22:22:17
-- Server version: 5.5.5-10.1.40-MariaDB
-- Client version: 4.1
--

-- 
-- Disable foreign keys
-- 
/*!40014 SET @OLD_FOREIGN_KEY_CHECKS=@@FOREIGN_KEY_CHECKS, FOREIGN_KEY_CHECKS=0 */;

-- 
-- Set SQL mode
-- 
/*!40101 SET @OLD_SQL_MODE=@@SQL_MODE, SQL_MODE='NO_AUTO_VALUE_ON_ZERO' */;

-- 
-- Set character set the client will use to send SQL statements to the server
--
SET NAMES 'utf8';

DROP DATABASE IF EXISTS proveedores;

CREATE DATABASE proveedores
CHARACTER SET latin1
COLLATE latin1_swedish_ci;

--
-- Set default database
--
USE proveedores;

--
-- Create table `proveedores`
--
CREATE TABLE proveedores (
  codigo varchar(9) NOT NULL,
  nombre varchar(20) DEFAULT NULL,
  telefono varchar(9) DEFAULT NULL,
  direccion varchar(50) DEFAULT NULL,
  forma_pago varchar(50) DEFAULT NULL,
  PRIMARY KEY (codigo)
)
ENGINE = INNODB,
AVG_ROW_LENGTH = 819,
CHARACTER SET latin1,
COLLATE latin1_swedish_ci;

--
-- Create table `componentes`
--
CREATE TABLE componentes (
  id int(11) DEFAULT NULL,
  referencia varchar(10) NOT NULL,
  estante varchar(25) DEFAULT NULL,
  precio int(11) DEFAULT NULL,
  stock int(11) DEFAULT NULL,
  tipo_ordenador varchar(50) DEFAULT NULL,
  PRIMARY KEY (referencia)
)
ENGINE = INNODB,
AVG_ROW_LENGTH = 819,
CHARACTER SET latin1,
COLLATE latin1_swedish_ci;

--
-- Create foreign key
--
ALTER TABLE componentes
ADD CONSTRAINT fk_productos_proveedores FOREIGN KEY (referencia)
REFERENCES proveedores (codigo);

--
-- Create table `clientes`
--
CREATE TABLE clientes (
  codigo varchar(9) NOT NULL,
  nombre varchar(20) DEFAULT NULL,
  residencia varchar(50) DEFAULT NULL,
  nacionalidades varchar(50) DEFAULT NULL,
  PRIMARY KEY (codigo)
)
ENGINE = INNODB,
AVG_ROW_LENGTH = 819,
CHARACTER SET latin1,
COLLATE latin1_swedish_ci;

--
-- Create table `compras`
--
CREATE TABLE compras (
  id int(11) NOT NULL AUTO_INCREMENT,
  recibo varchar(10) DEFAULT NULL,
  fecha_compra date DEFAULT NULL,
  PRIMARY KEY (id),
  UNIQUE INDEX uk_producto_cliente (recibo, id)
)
ENGINE = INNODB,
AUTO_INCREMENT = 21,
AVG_ROW_LENGTH = 819,
CHARACTER SET latin1,
COLLATE latin1_swedish_ci;

--
-- Create foreign key
--
ALTER TABLE compras
ADD CONSTRAINT fk_compras_clientes FOREIGN KEY (recibo)
REFERENCES clientes (codigo);

--
-- Create foreign key
--
ALTER TABLE compras
ADD CONSTRAINT fk_compras_productos FOREIGN KEY (recibo)
REFERENCES componentes (referencia);

-- 
-- Dumping data for table proveedores
--
INSERT INTO proveedores VALUES
('ID000', 'Hademar', '012-9871', 'Adamstraße 5, 48620, Ahnatal', 'Transferencia Bancaria'),
('ID001', 'Reginalda', '353-5572', 'Platzl 10, 86190, Gribbohm', 'Transferencia Bancaria'),
('ID002', 'Lovelle', '616-9947', 'Grosjeanstraße 1, 39758, Prüm', 'Débito'),
('ID003', 'Maex', '522-4615', 'Thomas-Mann-Allee 11-17, 67910, Klüß', 'Débito'),
('ID004', 'Volbrecht', '755-7107', 'Fritz-Endres-Straße 1, 89743, Wiblishauserhof', 'Tarjeta credito'),
('ID005', 'Dietlinde', '819-2339', 'Amiraplatz 2e, 79333, Hohenpolding', 'PayPal'),
('ID006', 'Helmgard', '329-7457', 'Altheimer Eck 16, 12202, Lottstetten', 'Tarjeta credito'),
('ID007', 'Heloise', '199-0109', 'Berlepschstraße 1a, 34204, Bad Dürkheim', 'Tarjeta credito'),
('ID008', 'Dietra', '290-1105', 'Ackermannstraße 75b, 82968, Abenberg', 'PayPal'),
('ID009', 'Dominik', '210-9996', 'Esebeckstraße 1, 38510, Arkebek', 'Débito'),
('ID010', 'Mangold', '252-2063', 'Jugendstraße 5d, 53636, Hornstorf', 'Transferencia Bancaria'),
('ID011', 'Achime ', '820-8663', 'Kardinal-Faulhaber-Straße 2, 17550, Sigmaringendor', 'PayPal'),
('ID012', 'Corbinian', '130-5414', 'Hartliebstraße 17, 92634, Brügge', 'Tarjeta credito'),
('ID013', 'Burghard', '055-4764', 'Clemensstraße 2, 42148, Laar', 'Transferencia Bancaria'),
('ID014', 'Burghild', '332-7080', 'Adelheidstraße 1, 67791, Kirchardt', 'Tarjeta credito'),
('ID015', 'Fabius', '446-3801', 'Andréestraße 6b, 26130, Abbenrode', 'Tarjeta credito'),
('ID016', 'Balian ', '459-9752', 'Zollstraße 3, 66896, Klieken', 'Tarjeta credito'),
('ID017', 'Gerulf', '994-4885', 'Steinickeweg 8, 59928, Oebelitz', 'PayPal'),
('ID018', 'Olf', '929-2660', 'Kurfürstenplatz 2b, 62813, Zootzen', 'Débito'),
('ID019', 'Akelei ', '260-1808', 'Güllstraße 5, 24217, Geesthacht', 'PayPal');

-- 
-- Dumping data for table componentes
--
INSERT INTO componentes VALUES
(NULL, 'ID000', '1', 677, 4, 'Sobremesa'),
(NULL, 'ID001', '1', 697, 9, 'Portatil'),
(NULL, 'ID002', '7', 961, 6, 'Sobremesa'),
(NULL, 'ID003', '1', 608, 4, 'Sobremesa'),
(NULL, 'ID004', '1', 661, 1, 'Portatil'),
(NULL, 'ID005', '1', 1606, 1, 'Portatil'),
(NULL, 'ID006', '1', 137, 2, 'Portatil'),
(NULL, 'ID007', '1', 922, 5, 'Sobremesa'),
(NULL, 'ID008', '1', 1454, 7, 'Portatil'),
(NULL, 'ID009', '1', 1874, 1, 'Portatil'),
(NULL, 'ID010', '1', 835, 5, 'Portatil'),
(NULL, 'ID011', '1', 1983, 9, 'Portatil'),
(NULL, 'ID012', '1', 972, 6, 'Portatil'),
(NULL, 'ID013', '1', 1219, 8, 'Portatil'),
(NULL, 'ID014', '1', 870, 5, 'Sobremesa'),
(NULL, 'ID015', '1', 147, 7, 'Sobremesa'),
(NULL, 'ID016', '7', 1696, 10, 'Sobremesa'),
(NULL, 'ID017', '1', 1295, 10, 'Portatil'),
(NULL, 'ID018', '1', 402, 6, 'Portatil'),
(NULL, 'ID019', '1', 1873, 1, 'Portatil');

-- 
-- Dumping data for table clientes
--
INSERT INTO clientes VALUES
('ID000', 'Balduin ', 'Grafton', 'Argentina'),
('ID001', 'Wiglaf', 'Rimouski-Est', 'Kuwait'),
('ID002', 'Dominik', 'Stroud', 'Bangladesh'),
('ID003', 'Polykarp', 'Dodsland', 'Netherlands'),
('ID004', 'Chestine', 'Granby', 'Zimbabwe'),
('ID005', 'Berend', 'Macklin', 'Suriname'),
('ID006', 'Jochem', 'Cap-Rouge', 'Peru'),
('ID007', 'Roho', 'Norton', 'Belgium'),
('ID008', 'Bernanda', 'Whitehorse', 'Indonesia'),
('ID009', 'Leni', 'Zenon Park', 'Lebanon'),
('ID010', 'Wigald', 'Macrorie', 'Spain'),
('ID011', 'Coelestina', 'Dokis', 'Austria'),
('ID012', 'Lowis', 'Norval', 'Australia'),
('ID013', 'Ailine ', 'MacTier', 'Hungary'),
('ID014', 'Darine', 'St. John''s', 'Romania'),
('ID015', 'Herward', 'Norway House', 'Swaziland'),
('ID016', 'Darvin', 'St-Sauveur', 'Viet Nam'),
('ID017', 'Salvina', 'Grand Bank', 'Turkey'),
('ID018', 'Zilia', 'Whitelaw', 'Swaziland'),
('ID019', 'Annalene', 'Riondel', 'Fiji');

-- 
-- Dumping data for table compras
--
INSERT INTO compras VALUES
(1, NULL, '2007-05-23'),
(2, NULL, '2002-01-07'),
(3, NULL, '2002-01-09'),
(4, NULL, '2007-03-15'),
(5, NULL, '2002-01-01'),
(6, NULL, '2008-07-19'),
(7, NULL, '2014-08-28'),
(8, NULL, '2017-04-30'),
(9, NULL, '2003-10-31'),
(10, NULL, '2005-05-15'),
(11, NULL, '2011-09-12'),
(12, NULL, '2014-11-14'),
(13, NULL, '2002-07-26'),
(14, NULL, '2013-08-07'),
(15, NULL, '2018-09-08'),
(16, NULL, '2004-02-02'),
(17, NULL, '2013-10-17'),
(18, NULL, '2002-01-03'),
(19, NULL, '2004-04-05'),
(20, NULL, '2013-01-23');

-- 
-- Restore previous SQL mode
-- 
/*!40101 SET SQL_MODE=@OLD_SQL_MODE */;

-- 
-- Enable foreign keys
-- 
/*!40014 SET FOREIGN_KEY_CHECKS = @OLD_FOREIGN_KEY_CHECKS */;